Breads;;;;
Breads 1;Breads 2;Breads 3;Breads 4;Breads 5
Breads 1 - desc;Breads 2 - desc;Breads 3 - desc;Breads 4 - desc;Breads 5 - desc
"Pain 1
<option value=""individual"">Individual</option> <option value=""4 parts"">4 parts</option> <option value=""more"">More parts: Contact Us</option>";"Breads 2
<option value=""individual"">Individual</option> <option value=""4 parts"">4 parts</option> <option value=""more"">More parts: Contact Us</option>";"Breads 3
<option value=""individual"">Individual</option> <option value=""4 parts"">4 parts</option> <option value=""more"">More parts: Contact Us</option>";"Breads 4
<option value=""individual"">Individual</option> <option value=""4 parts"">4 parts</option> <option value=""more"">More parts: Contact Us</option>";"Breads 5
<option value=""individual"">Individual</option> <option value=""4 parts"">4 parts</option> <option value=""more"">More parts: Contact Us</option>"
;;;;
Pastries;;;;
Pastries  1;Pastries  2;Pastries 3;Pastries 4;Pastries 5
Pastries 1 - desc;Pastries 2 - desc;Pastries 3 - desc;Pastries 4 - desc;Pastries 5 - desc
"Pastries 1
<option value=""individual"">Individual</option> <option value=""4 parts"">4 parts</option> <option value=""more"">More parts: Contact Us</option>";"Pastries 2
<option value=""individual"">Individual</option> <option value=""4 parts"">4 parts</option> <option value=""more"">More parts: Contact Us</option>";"Pastries 3
<option value=""individual"">Individual</option> <option value=""4 parts"">4 parts</option> <option value=""more"">More parts: Contact Us</option>";"Pastries 4
<option value=""individual"">Individual</option> <option value=""4 parts"">4 parts</option> <option value=""more"">More parts: Contact Us</option>";"Pastries 5
<option value=""individual"">Individual</option> <option value=""4 parts"">4 parts</option> <option value=""more"">More parts: Contact Us</option>"
;;;;
Cakes;;;;
Cakes  1;Cakes  2;Cakes 3;Cakes 4;Cakes 5
Cakes 1 - desc;Cakes 2 - desc;Cakes 3 - desc;Cakes 4 - desc;Cakes 5 - desc
"Cakes 1
<option value=""individual"">Individual</option> <option value=""4 parts"">4 parts</option> <option value=""more"">More parts: Contact Us</option>";"Cakes 2
<option value=""individual"">Individual</option> <option value=""4 parts"">4 parts</option> <option value=""more"">More parts: Contact Us</option>";"Cakes 3
<option value=""individual"">Individual</option> <option value=""4 parts"">4 parts</option> <option value=""more"">More parts: Contact Us</option>";"Cakes 4
<option value=""individual"">Individual</option> <option value=""4 parts"">4 parts</option> <option value=""more"">More parts: Contact Us</option>";"Cakes 5
<option value=""individual"">Individual</option> <option value=""4 parts"">4 parts</option> <option value=""more"">More parts: Contact Us</option>"
;;;;
Wedding cakes;;;;
Wedding cakes  1;Wedding cakes  2;Wedding cakes 3;Wedding cakes 4;Wedding cakes 5
Wedding cakes 1 - desc;Wedding cakes 2 - desc;Wedding cakes 3 - desc;Wedding cakes 4 - desc;Wedding cakes 5 - desc
"Wedding cakes 1
<option value=""individual"">Individual</option> <option value=""4 parts"">4 parts</option> <option value=""more"">More parts: Contact Us</option>";"Wedding cakes 2
<option value=""individual"">Individual</option> <option value=""4 parts"">4 parts</option> <option value=""more"">More parts: Contact Us</option>";"Wedding cakes 3
<option value=""individual"">Individual</option> <option value=""4 parts"">4 parts</option> <option value=""more"">More parts: Contact Us</option>";"Wedding cakes 4
<option value=""individual"">Individual</option> <option value=""4 parts"">4 parts</option> <option value=""more"">More parts: Contact Us</option>";"Wedding cakes 5
<option value=""individual"">Individual</option> <option value=""4 parts"">4 parts</option> <option value=""more"">More parts: Contact Us</option>"
;;;;
